{
  "meta_title": "",
  "meta_description": "",
  "sections": [
    {
      "type": "banner-slider",
      "autoplay": 0,
      "full_width": false,
      "slides": [
        {
          "img": "/img/uploads/baner-da-loja-virtual.jpg",
          "link": "",
          "alt": "rcprodutosnaturais banner",
          "start": "2020-04-11T05:54:06.750Z",
          "end": "2020-12-31T03:00:00.000Z",
          "mobile_img": "/img/uploads/img_20220215_002433_107.jpg"
        }
      ]
    },
    {
      "type": "info-bar",
      "enabled": true
    },
    {
      "type": "collection-shelf",
      "shuffle": false,
      "collection_id": null,
      "sort": "slug",
      "title": "",
      "headless": false,
      "limit": 12,
      "page": 6
    },
    {
      "type": "page-title",
      "title": "",
      "description": ""
    }
  ]
}